{
    "qa_pairs": [
        {
            "category": "Sipariş",
            "question": "Nasıl sipariş verebilirim?",
            "variations": [
                "sipariş vermek istiyorum",
                "nasıl alabilirim",
                "satın almak istiyorum",
                "sipariş oluşturmak istiyorum",
                "alışveriş yapmak istiyorum",
                "nereden alabilirim",
                "sipariş süreci nasıl",
                "nasıl satın alabilirim",
                "online sipariş",
                "siparişi nasıl oluşturabilirim"
            ],
            "answer": "Siparişinizi şu kanallardan verebilirsiniz:\n- Web sitemiz üzerinden\n- Mobil uygulamamızdan\n- Müşteri hizmetlerimizi (0800 123 45 67) arayarak\n- Mağazalarımızı ziyaret ederek\nOnline sipariş için üyelik oluşturmanız gerekmektedir."
        },
        {
            "category": "Sipariş Takibi",
            "question": "Siparişim nerede?",
            "variations": [
                "sipariş takibi yapmak istiyorum",
                "siparişimi takip etmek istiyorum",
                "kargom nerede",
                "sipariş durumu",
                "siparişim ne durumda",
                "kargo takibi",
                "teslimat durumu",
                "ne zaman gelecek siparişim",
                "siparişim teslim edildi mi",
                "sipariş durumunu öğrenmek istiyorum"
            ],
            "answer": "Sipariş numaranızı paylaşırsanız, anlık durumunu kontrol edebilirim. Ayrıca web sitemizden 'Sipariş Takibi' bölümünden kendiniz de takip edebilirsiniz."
        }
    ]
}